ID,Tweet,Retweets,Favorites,Hashtag,Date,Time,Retweet,User ID,User,User Screen Name,Location,Followers,Friends,Listed,User Total Tweets,Replied To
915991052565311000,"RT @Entreculturas: 0,4% de AOD ya! Política de cooperación pieza clave para construir un mundo justo y solidario en la #Agenda2030 #Anivers…",5,0,Agenda2030,10/5/2017,17:24:19,TRUE,273065175,CooperaSI,CooperaSi,Mon / Mundo,1980,2086,62,4973,
915583483560505000,"RT @CoordiONGD: ¿Es relevante la Agenda 2030 para España?; por @magordilloz https://t.co/URFu3fU6C5 vía @Planeta_Futuro
#AniversarioODS",3,0,AniversarioODS,10/4/2017,14:24:47,TRUE,758947035831599000,articula,articula_edu,El Salvador,85,283,2,798,
915534575945883000,"RT @CoordiONGD: ¿Es relevante la Agenda 2030 para España?; por @magordilloz https://t.co/URFu3fU6C5 vía @Planeta_Futuro
#AniversarioODS",3,0,AniversarioODS,10/4/2017,11:10:27,TRUE,407645750,MANOS UNIDAS ZARAGOZ,manosunidaszgz,Zaragoza - España,1741,2129,78,8434,
915532501229043000,"RT @CoordiONGD: ¿Es relevante la Agenda 2030 para España?; por @magordilloz https://t.co/URFu3fU6C5 vía @Planeta_Futuro
#AniversarioODS",3,0,AniversarioODS,10/4/2017,11:02:12,TRUE,534497358,Marco Gordillo,magordilloz,,264,205,24,525,
915528909474684000,"¿Es relevante la Agenda 2030 para España?; por @magordilloz https://t.co/URFu3fU6C5 vía @Planeta_Futuro
#AniversarioODS",3,2,AniversarioODS,10/4/2017,10:47:56,FALSE,307891015,Coordinadora ONGD,CoordiONGD,Madrid,28910,1106,964,33050,
914390191976173000,"RT @REDES_ONGD: En el 2° #aniversarioODS 
¿Cómo #EspañaODS va a contribuir a la #Agenda2030 ?
Una prioridad para @EnlazatePJ y #CuidaPlanet…",16,0,"aniversarioODS, EspañaODS, Agenda2030",10/1/2017,7:23:04,TRUE,782184905082081000,Marcos Aguilar Liso,marcos_liso,,35,101,0,170,
914235358497435000,"RT @SinTrabinfantil: #AniversarioODS, ¿Sabías que alcanzar la #Meta8.7 sobre ""trabajo infantil"" impactará en el logro de otras 35 metas de…",4,0,"AniversarioODS, Meta8",9/30/2017,21:07:49,TRUE,858081512528519000,SESAN Alta Verapaz,SESAN_AVerapaz,Guatemala,35,21,1,38,
914173865793851000,"RT @SinTrabinfantil: #AniversarioODS, ¿Sabías que alcanzar la #Meta8.7 sobre ""trabajo infantil"" impactará en el logro de otras 35 metas de…",4,0,"AniversarioODS, Meta8",9/30/2017,17:03:28,TRUE,112412519,Leida Marcela,LeonMolina,San Cristòbal Edo Táchira,1162,1519,34,12917,
914148446025670000,"RT @SinTrabinfantil: #AniversarioODS, ¿Sabías que alcanzar la #Meta8.7 sobre ""trabajo infantil"" impactará en el logro de otras 35 metas de…",4,0,"AniversarioODS, Meta8",9/30/2017,15:22:28,TRUE,280684797,CEN FOOJ - SAJ,Juventud_CTM,En todo México.,1242,746,8,4234,
914148411821232000,"RT @SinTrabinfantil: #AniversarioODS, ¿Sabías que alcanzar la #Meta8.7 sobre ""trabajo infantil"" impactará en el logro de otras 35 metas de…",4,0,"AniversarioODS, Meta8",9/30/2017,15:22:20,TRUE,2551009110,Sin Trabajo Infantil,SinTrabInfCTM,"Vallarta #8, D.F., México",1259,1264,11,4578,
914144082565455000,"#AniversarioODS, ¿Sabías que alcanzar la #Meta8.7 sobre ""trabajo infantil"" impactará en el logro de otras 35 metas… https://t.co/cRiV5TVIVg",4,3,"AniversarioODS, Meta8",9/30/2017,15:05:07,FALSE,581771430,Red LACTI,SinTrabinfantil,América Latina,4438,3234,104,20698,
914097050052112000,"RT @CoordiONGD: Ciudades y territorios sostenibles, la política local es esencial para #Agenda2030 #AniversarioODS @fempcomunica @desdelamo…",5,0,"Agenda2030, AniversarioODS",9/30/2017,11:58:14,TRUE,2172620504,José Luis,jlsadalacalle,Pamplona,384,1567,151,33638,
913664318763360000,"RT @CoordiONGD: .@marianorajoy @Sorayapp, una #Agenda2030 de soluciones a los problemas del país, apuesten por ella  #Act4SDGs #aniversario…",3,0,"Agenda2030, Act4SDGs",9/29/2017,7:18:43,TRUE,86791363,Alianza,AxSolidaridad,Madrid,18341,5692,670,33366,
913664296776761000,RT @CoordiONGD: Cómo avanzan la #Agenda2030 @MAECgob @mapamagob @empleogob? #AniversarioODS #ODS #EspañaODS https://t.co/wdfjYYUOgk,5,0,"Agenda2030, AniversarioODS, ODS, EspañaODS",9/29/2017,7:18:38,TRUE,86791363,Alianza,AxSolidaridad,Madrid,18341,5692,670,33366,
913636932676145000,"RT @inspiractionorg: El planeta está al límite; los conflictos aumentan, la pobreza y desigualdad tb. España firmó #Agenda2030, hay que cum…",37,0,Agenda2030,9/29/2017,5:29:53,TRUE,142669632,Juliana Osorio,Juliosorio727,"Manizales, Colombia",166,251,1,444,
913580811516968000,RT @Educo_ONG: ¡No dejemos a nadie atrás! La erradicación de la pobreza infantil debe ser una prioridad de todos los gobiernos #Aniversario…,14,0,,9/29/2017,1:46:53,TRUE,793575233525387000,Educo Philippines,EducoPH,Bicol Region,53,112,0,434,
913505919723540000,RT @Educo_ONG: ¡No dejemos a nadie atrás! La erradicación de la pobreza infantil debe ser una prioridad de todos los gobiernos #Aniversario…,14,0,,9/28/2017,20:49:18,TRUE,70984120,JC,JCamposa81,,1955,1869,41,21828,
913495884960235000,"RT @REDES_ONGD: En el 2° #aniversarioODS 
¿Cómo #EspañaODS va a contribuir a la #Agenda2030 ?
Una prioridad para @EnlazatePJ y #CuidaPlanet…",16,0,"aniversarioODS, EspañaODS, Agenda2030",9/28/2017,20:09:25,TRUE,1201474608,Fund. Corazonistas,funcorazonistas,,239,166,6,371,
913454698270732000,"RT @REDES_ONGD: En el 2° #aniversarioODS 
¿Cómo #EspañaODS va a contribuir a la #Agenda2030 ?
Una prioridad para @EnlazatePJ y #CuidaPlanet…",16,0,"aniversarioODS, EspañaODS, Agenda2030",9/28/2017,17:25:45,TRUE,562243507,Cecilia Pilar Gracia,CeciliaPilarGra,,77,241,2,1826,
913437726606798000,"RT @REDES_ONGD: En el 2° #aniversarioODS 
¿Cómo #EspañaODS va a contribuir a la #Agenda2030 ?
Una prioridad para @EnlazatePJ y #CuidaPlanet…",16,0,"aniversarioODS, EspañaODS, Agenda2030",9/28/2017,16:18:19,TRUE,2585580896,ManosUnidasSalamanca,ManosSalamanca,Salamanca,430,649,34,9132,
913418726925533000,"RT @REDES_ONGD: En el 2° #aniversarioODS 
¿Cómo #EspañaODS va a contribuir a la #Agenda2030 ?
Una prioridad para @EnlazatePJ y #CuidaPlanet…",16,0,"aniversarioODS, EspañaODS, Agenda2030",9/28/2017,15:02:49,TRUE,302445544,Lo que siento,LoQsiento,Vila-real,546,645,9,8875,
913418529646481000,"RT @REDES_ONGD: En el 2° #aniversarioODS 
¿Cómo #EspañaODS va a contribuir a la #Agenda2030 ?
Una prioridad para @EnlazatePJ y #CuidaPlanet…",16,0,"aniversarioODS, EspañaODS, Agenda2030",9/28/2017,15:02:02,TRUE,352251900,Fernando Orcástegui,forcastegui,Zaragoza,112,385,4,1606,
913417320076324000,"RT @REDES_ONGD: En el 2° #aniversarioODS 
¿Cómo #EspañaODS va a contribuir a la #Agenda2030 ?
Una prioridad para @EnlazatePJ y #CuidaPlanet…",16,0,"aniversarioODS, EspañaODS, Agenda2030",9/28/2017,14:57:14,TRUE,2821215257,PROYDE Joven Burgos,ProydeJovenBur,,143,131,14,1846,
913400312949551000,"RT @PoletikaORG: 2 años después, faltan medidas concretas para hacer realidad 1 Agenda para las personas y el planeta #AniversarioODS https…",25,0,AniversarioODS,9/28/2017,13:49:39,TRUE,3053014998,Javier Goñi,FjgonieGoni,,32,61,2,579,
913400276358443000,"RT @REDES_ONGD: En el 2° #aniversarioODS 
¿Cómo #EspañaODS va a contribuir a la #Agenda2030 ?
Una prioridad para @EnlazatePJ y #CuidaPlanet…",16,0,"aniversarioODS, EspañaODS, Agenda2030",9/28/2017,13:49:30,TRUE,3053014998,Javier Goñi,FjgonieGoni,,32,61,2,579,
913400238567813000,"RT @CoordiONGD: .@marianorajoy @Sorayapp los #ODS deben salir del papel, coordinación al más alto nivel #aniversarioODS #Agenda2030 #Espana…",2,0,"ODS, aniversarioODS, Agenda2030",9/28/2017,13:49:21,TRUE,3053014998,Javier Goñi,FjgonieGoni,,32,61,2,579,
913397492858974000,RT @Educo_ONG: ¡No dejemos a nadie atrás! La erradicación de la pobreza infantil debe ser una prioridad de todos los gobiernos #Aniversario…,14,0,,9/28/2017,13:38:27,TRUE,1549154318,Fundación Educo,EducoSV,El Salvador,2286,769,19,3898,
913395752772259000,"RT @REDES_ONGD: En el 2° #aniversarioODS 
¿Cómo #EspañaODS va a contribuir a la #Agenda2030 ?
Una prioridad para @EnlazatePJ y #CuidaPlanet…",16,0,"aniversarioODS, EspañaODS, Agenda2030",9/28/2017,13:31:32,TRUE,476059973,MariCarmen,garciacastro01,,261,761,9,4708,
913393977377697000,RT @Educo_ONG: ¡No dejemos a nadie atrás! La erradicación de la pobreza infantil debe ser una prioridad de todos los gobiernos #Aniversario…,14,0,,9/28/2017,13:24:28,TRUE,4075035443,Bidegintza CIS-GEK,bidegintzascoop,"Bilbao, País Vasco",160,167,12,399,
913380655546978000,"RT @CoordiONGD: .@marianorajoy @Sorayapp, una #Agenda2030 de soluciones a los problemas del país, apuesten por ella  #Act4SDGs #aniversario…",3,0,"Agenda2030, Act4SDGs",9/28/2017,12:31:32,TRUE,191385597,Valentín,GAFOLITO,"Zaragoza, España",3271,2191,303,66026,
913379410488823000,RT @Educo_ONG: ¡No dejemos a nadie atrás! La erradicación de la pobreza infantil debe ser una prioridad de todos los gobiernos #Aniversario…,14,0,,9/28/2017,12:26:35,TRUE,873741379,marifescobar,marifescobar,,105,657,1,659,
913375658667122000,"RT @CoordiONGD: .@marianorajoy @Sorayapp los #ODS deben salir del papel, coordinación al más alto nivel #aniversarioODS #Agenda2030 #ODSaño2",9,0,"ODS, aniversarioODS, Agenda2030, ODSaño2",9/28/2017,12:11:41,TRUE,122925875,CarlosMTornero,carlosmtornero,"London, England",1297,1167,40,869,
913375165312114000,RT @redongdmad: Seguimos sin contar con mecanismo de seguimiento para la #Agenda2030 en la @ComunidadMadrid #ODSaño2 #AniversarioODS https:…,15,0,"Agenda2030, ODSaño2, AniversarioODS",9/28/2017,12:09:43,TRUE,122925875,CarlosMTornero,carlosmtornero,"London, England",1297,1167,40,869,
913370126862487000,RT @Educo_ONG: ¡No dejemos a nadie atrás! La erradicación de la pobreza infantil debe ser una prioridad de todos los gobiernos #Aniversario…,14,0,,9/28/2017,11:49:42,TRUE,574028055,ana rossetti,anarossetti1,madrid,1222,320,72,40250,
913368200468889000,RT @Educo_ONG: ¡No dejemos a nadie atrás! La erradicación de la pobreza infantil debe ser una prioridad de todos los gobiernos #Aniversario…,14,0,,9/28/2017,11:42:03,TRUE,53582640,Mauricio Castillo,salvabionatura,,32,84,1,202,
913361649226088000,"RT @CoordiONGD: Ciudades y territorios sostenibles, la política local es esencial para #Agenda2030 #AniversarioODS @fempcomunica @desdelamo…",5,0,"Agenda2030, AniversarioODS",9/28/2017,11:16:01,TRUE,93178150,FARMAMUNDI,farmamundi,,6247,1819,272,13564,
913360038718246000,RT @CoordiONGD: Sr. Montoro @Haciendagob necesitamos unos presupuestos acordes con la #Agenda2030 @desdelamoncloa @Congreso_Es #Aniversario…,1,0,Agenda2030,9/28/2017,11:09:37,TRUE,325178543,David Howell,dhowellseo,"Madrid, España",2959,2141,188,24042,
913359292249595000,Sr. Montoro @Haciendagob necesitamos unos presupuestos acordes con la #Agenda2030 @desdelamoncloa @Congreso_Es… https://t.co/lSHOSxnQqr,1,1,Agenda2030,9/28/2017,11:06:39,FALSE,307891015,Coordinadora ONGD,CoordiONGD,Madrid,28910,1106,964,33050,
913353258655240000,RT @CoordiONGD: Cómo avanzan la #Agenda2030 @MAECgob @mapamagob @empleogob? #AniversarioODS #ODS #EspañaODS https://t.co/wdfjYYUOgk,5,0,"Agenda2030, AniversarioODS, ODS, EspañaODS",9/28/2017,10:42:40,TRUE,27010192,Íñigo Alli,inigoalli,Pamplona|Madrid,3695,627,160,10716,
913352132065153000,"RT @CoordiONGD: .@marianorajoy @Sorayapp los #ODS deben salir del papel, coordinación al más alto nivel #aniversarioODS #Agenda2030 #Espana…",2,0,"ODS, aniversarioODS, Agenda2030",9/28/2017,10:38:12,TRUE,124452475,Clarisa Giamello,cla1112,Barcelona,8539,8281,130,2880,
913351302687739000,"RT @CoordiONGD: Ciudades y territorios sostenibles, la política local es esencial para #Agenda2030 #AniversarioODS @fempcomunica @desdelamo…",5,0,"Agenda2030, AniversarioODS",9/28/2017,10:34:54,TRUE,2427419840,Poletika,PoletikaORG,,12049,1951,341,6928,
913351243904495000,RT @CoordiONGD: Cómo avanzan la #Agenda2030 @MAECgob @mapamagob @empleogob? #AniversarioODS #ODS #EspañaODS https://t.co/wdfjYYUOgk,5,0,"Agenda2030, AniversarioODS, ODS, EspañaODS",9/28/2017,10:34:40,TRUE,2822550479,Aran Acha,Aran_Acha,"Variable, actualmente Bilbao",353,633,49,2899,
913351116695441000,RT @CoordiONGD: Cómo avanzan la #Agenda2030 @MAECgob @mapamagob @empleogob? #AniversarioODS #ODS #EspañaODS https://t.co/wdfjYYUOgk,5,0,"Agenda2030, AniversarioODS, ODS, EspañaODS",9/28/2017,10:34:10,TRUE,599076479,Coordi-ONGD Canarias,CoordiONGDCanar,Canarias,990,132,68,696,
913350832770469000,".@marianorajoy @Sorayapp los #ODS deben salir del papel, coordinación al más alto nivel #aniversarioODS #Agenda2030 #EspanaODS",2,2,"ODS, aniversarioODS, Agenda2030, EspanaODS",9/28/2017,10:33:02,FALSE,307891015,Coordinadora ONGD,CoordiONGD,Madrid,28910,1106,964,33050,
913350824625131000,RT @CoordiONGD: Cómo avanzan la #Agenda2030 @MAECgob @mapamagob @empleogob? #AniversarioODS #ODS #EspañaODS https://t.co/wdfjYYUOgk,5,0,"Agenda2030, AniversarioODS, ODS, EspañaODS",9/28/2017,10:33:00,TRUE,611067837,OI conversa,OIconversa,Madrid,1018,1212,55,6261,
913350541236989000,Cómo avanzan la #Agenda2030 @MAECgob @mapamagob @empleogob? #AniversarioODS #ODS #EspañaODS https://t.co/wdfjYYUOgk,5,6,"Agenda2030, AniversarioODS, ODS, EspañaODS",9/28/2017,10:31:52,FALSE,307891015,Coordinadora ONGD,CoordiONGD,Madrid,28910,1106,964,33050,
913348997355630000,"RT @CoordiONGD: Ciudades y territorios sostenibles, la política local es esencial para #Agenda2030 #AniversarioODS @fempcomunica @desdelamo…",5,0,"Agenda2030, AniversarioODS",9/28/2017,10:25:44,TRUE,24969154,InspirAction,inspiractionorg,España,15102,5977,596,24855,
913347428627214000,RT @Educo_ONG: ¡No dejemos a nadie atrás! La erradicación de la pobreza infantil debe ser una prioridad de todos los gobiernos #Aniversario…,14,0,,9/28/2017,10:19:30,TRUE,880185918,Carmela Carrasco,CarmelaC7842,,133,270,40,22109,
913347259223494000,"RT @CoordiONGD: .@marianorajoy @Sorayapp los #ODS deben salir del papel, coordinación al más alto nivel #aniversarioODS #Agenda2030 #ODSaño2",9,0,"ODS, aniversarioODS, Agenda2030, ODSaño2",9/28/2017,10:18:50,TRUE,829732536,Asociación ICID,AsociacionICID,Alcalá 196. Madrid.,437,1086,28,4975,
913347011306500000,"RT @CoordiONGD: Ciudades y territorios sostenibles, la política local es esencial para #Agenda2030 #AniversarioODS @fempcomunica @desdelamo…",5,0,"Agenda2030, AniversarioODS",9/28/2017,10:17:51,TRUE,191385597,Valentín,GAFOLITO,"Zaragoza, España",3271,2191,303,66026,
913344252641411000,"Ciudades y territorios sostenibles, la política local es esencial para #Agenda2030 #AniversarioODS @fempcomunica… https://t.co/ByzsrmNr61",5,2,"Agenda2030, AniversarioODS",9/28/2017,10:06:53,FALSE,307891015,Coordinadora ONGD,CoordiONGD,Madrid,28910,1106,964,33050,
913341666899132000,RT @CoordiONGD: Las empresas deben ser transparentes y evitar el lavado de imagen #AniversarioODS # #EspanaODS,2,0,"AniversarioODS, EspanaODS",9/28/2017,9:56:37,TRUE,480335110,Red ONGD de Madrid,redongdmad,Madrid,2071,1080,142,8084,
913341435583361000,RT @Educo_ONG: ¡No dejemos a nadie atrás! La erradicación de la pobreza infantil debe ser una prioridad de todos los gobiernos #Aniversario…,14,0,,9/28/2017,9:55:41,TRUE,817102940469161000,Isa Vigueras,ahoramurciapati,,56,87,0,2726,
913340335245418000,RT @Educo_ONG: ¡No dejemos a nadie atrás! La erradicación de la pobreza infantil debe ser una prioridad de todos los gobiernos #Aniversario…,14,0,,9/28/2017,9:51:19,TRUE,301639609,Carmen Rico,carmelaricov,,240,290,16,22265,
913339650969948000,RT @CoordiONGD: Las empresas deben ser transparentes y evitar el lavado de imagen #AniversarioODS # #EspanaODS,2,0,"AniversarioODS, EspanaODS",9/28/2017,9:48:36,TRUE,4375960342,filomena,filorug,,84,154,8,1625,
913338407203549000,"RT @CoordiONGD: .@marianorajoy @Sorayapp los #ODS deben salir del papel, coordinación al más alto nivel #aniversarioODS #EspanaODS",3,0,"ODS, aniversarioODS, EspanaODS",9/28/2017,9:43:39,TRUE,4375960342,filomena,filorug,,84,154,8,1625,
913336045776900000,"RT @REDES_ONGD: En el 2° #aniversarioODS 
¿Cómo #EspañaODS va a contribuir a la #Agenda2030 ?
Una prioridad para @EnlazatePJ y #CuidaPlanet…",16,0,"aniversarioODS, EspañaODS, Agenda2030",9/28/2017,9:34:16,TRUE,407645750,MANOS UNIDAS ZARAGOZ,manosunidaszgz,Zaragoza - España,1741,2129,78,8434,
913334203240108000,En el 2° #aniversarioODS ¿Cómo #EspañaODS va a contribuir a la #Agenda2030 ? Una prioridad para EnlazatePJ y #http://CuidaPlanetaCombatePob…,0,0,"aniversarioODS, EspañaODS, Agenda2030",9/28/2017,9:26:57,FALSE,4875890134,Mundo Diocesano,Mundo_Diocesano,España - Latinoamérica,2973,3896,96,112609,
913333245986709000,Las empresas deben ser transparentes y evitar el lavado de imagen #AniversarioODS # #EspanaODS,2,4,"AniversarioODS, EspanaODS",9/28/2017,9:23:09,FALSE,307891015,Coordinadora ONGD,CoordiONGD,Madrid,28910,1106,964,33050,
913327727792545000,"RT @REDES_ONGD: En el 2° #aniversarioODS 
¿Cómo #EspañaODS va a contribuir a la #Agenda2030 ?
Una prioridad para @EnlazatePJ y #CuidaPlanet…",16,0,"aniversarioODS, EspañaODS, Agenda2030",9/28/2017,9:01:13,TRUE,2890590279,PROYDE Zaragoza,ProydeZaragoza,,227,177,19,5174,
913325883720716000,RT @CoordiONGD: El @Congreso_Es ha pedido a .@marianorajoy @Sorayapp que se implemente la #Agenda2030. @anapastorjulian #AniversarioODS #OD…,2,0,"Agenda2030, AniversarioODS",9/28/2017,8:53:54,TRUE,592753494,Paloma Arroyo,ArroyoPaloma,España,539,165,89,9320,
913324950068527000,RT @CoordiONGD: El @Congreso_Es ha pedido a .@marianorajoy @Sorayapp que se implemente la #Agenda2030. @anapastorjulian #AniversarioODS #OD…,2,0,"Agenda2030, AniversarioODS",9/28/2017,8:50:11,TRUE,212005600,Juan Carlos Atienza,atienzajc,Madrid,11243,2372,359,39633,
913324727258812000,El @Congreso_Es ha pedido a .@marianorajoy @Sorayapp que se implemente la #Agenda2030. @anapastorjulian… https://t.co/8w41HFv4Ve,2,1,Agenda2030,9/28/2017,8:49:18,FALSE,307891015,Coordinadora ONGD,CoordiONGD,Madrid,28910,1106,964,33050,
913324613345660000,RT @Educo_ONG: ¡No dejemos a nadie atrás! La erradicación de la pobreza infantil debe ser una prioridad de todos los gobiernos #Aniversario…,14,0,,9/28/2017,8:48:51,TRUE,1680726175,Sergio Aguado,SergAguado,Ciudadano del mundo,895,2729,58,9616,
913323903946289000,RT @Educo_ONG: ¡No dejemos a nadie atrás! La erradicación de la pobreza infantil debe ser una prioridad de todos los gobiernos #Aniversario…,14,0,,9/28/2017,8:46:02,TRUE,22162124,lutxana art*,lutxana,Barcelona,1278,979,238,20106,
913323587515412000,"RT @CoordiONGD: .@marianorajoy @Sorayapp los #ODS deben salir del papel, coordinación al más alto nivel #aniversarioODS #Agenda2030 #ODSaño2",9,0,"ODS, aniversarioODS, Agenda2030, ODSaño2",9/28/2017,8:44:46,TRUE,2822550479,Aran Acha,Aran_Acha,"Variable, actualmente Bilbao",353,633,49,2899,
913322162320236000,RT @Educo_ONG: ¡No dejemos a nadie atrás! La erradicación de la pobreza infantil debe ser una prioridad de todos los gobiernos #Aniversario…,14,0,,9/28/2017,8:39:06,TRUE,124452475,Clarisa Giamello,cla1112,Barcelona,8539,8281,130,2880,
913321743963557000,RT @Educo_ONG: ¡No dejemos a nadie atrás! La erradicación de la pobreza infantil debe ser una prioridad de todos los gobiernos #Aniversario…,14,0,,9/28/2017,8:37:27,TRUE,278237384,Macarena Céspedes,macesqui,,581,1219,23,1475,
913321379868667000,"RT @REDES_ONGD: En el 2° #aniversarioODS 
¿Cómo #EspañaODS va a contribuir a la #Agenda2030 ?
Una prioridad para @EnlazatePJ y #CuidaPlanet…",16,0,"aniversarioODS, EspañaODS, Agenda2030",9/28/2017,8:36:00,TRUE,34230897,Fundación PROCLADE,fproclade,Madrid,2643,344,120,2867,
913321131813326000,"RT @REDES_ONGD: En el 2° #aniversarioODS 
¿Cómo #EspañaODS va a contribuir a la #Agenda2030 ?
Una prioridad para @EnlazatePJ y #CuidaPlanet…",16,0,"aniversarioODS, EspañaODS, Agenda2030",9/28/2017,8:35:01,TRUE,312066602,Verónica Hernández P,b_onix,Madrid,690,1014,34,6518,
913320824349888000,"RT @REDES_ONGD: En el 2° #aniversarioODS 
¿Cómo #EspañaODS va a contribuir a la #Agenda2030 ?
Una prioridad para @EnlazatePJ y #CuidaPlanet…",16,0,"aniversarioODS, EspañaODS, Agenda2030",9/28/2017,8:33:47,TRUE,2798962323,Sociolidarios,Sociolidarios,"Valencia, Spain",454,620,45,1048,
913320814736560000,¡No dejemos a nadie atrás! La erradicación de la pobreza infantil debe ser una prioridad de todos los gobiernos… https://t.co/9vsGQE0Gbv,14,16,,9/28/2017,8:33:45,FALSE,64353708,Educo,Educo_ONG,Donde nos necesitan,26789,5360,740,13411,
913320381171331000,"RT @REDES_ONGD: En el 2° #aniversarioODS 
¿Cómo #EspañaODS va a contribuir a la #Agenda2030 ?
Una prioridad para @EnlazatePJ y #CuidaPlanet…",16,0,"aniversarioODS, EspañaODS, Agenda2030",9/28/2017,8:32:02,TRUE,79849822,Revista Alandar,alandar,"Madrid, Spain",3947,2077,134,6660,
913317147438407000,"RT @CoordiONGD: .@marianorajoy @Sorayapp, una #Agenda2030 de soluciones a los problemas del país, apuesten por ella  #Act4SDGs #aniversario…",3,0,"Agenda2030, Act4SDGs",9/28/2017,8:19:11,TRUE,481550316,Economía Justa,EconomiaJusta,,12198,2237,646,32696,
913316852557893000,".@marianorajoy @Sorayapp, una #Agenda2030 de soluciones a los problemas del país, apuesten por ella  #Act4SDGs… https://t.co/EmjVNSb3ma",3,6,"Agenda2030, Act4SDGs",9/28/2017,8:18:00,FALSE,307891015,Coordinadora ONGD,CoordiONGD,Madrid,28910,1106,964,33050,
913316478132375000,"RT @CoordiONGD: .@marianorajoy @Sorayapp los #ODS deben salir del papel, coordinación al más alto nivel #aniversarioODS #EspanaODS",3,0,"ODS, aniversarioODS, EspanaODS",9/28/2017,8:16:31,TRUE,11171402,lulagomez,lulagomez,,494,652,19,5630,
913316395454226000,"RT @CoordiONGD: .@marianorajoy @Sorayapp los #ODS deben salir del papel, coordinación al más alto nivel #aniversarioODS #EspanaODS",3,0,"ODS, aniversarioODS, EspanaODS",9/28/2017,8:16:11,TRUE,613308475,Merche Ruiz-Gimenez,Merche_RG,España,1164,1341,80,11389,
913316382980395000,"RT @REDES_ONGD: En el 2° #aniversarioODS 
¿Cómo #EspañaODS va a contribuir a la #Agenda2030 ?
Una prioridad para @EnlazatePJ y #CuidaPlanet…",16,0,"aniversarioODS, EspañaODS, Agenda2030",9/28/2017,8:16:08,TRUE,555800717,CONFER,MediosConfer,,5038,658,113,9829,
913316315124965000,".@marianorajoy @Sorayapp los #ODS deben salir del papel, coordinación al más alto nivel #aniversarioODS #EspanaODS",3,1,"ODS, aniversarioODS, EspanaODS",9/28/2017,8:15:52,FALSE,307891015,Coordinadora ONGD,CoordiONGD,Madrid,28910,1106,964,33050,
913316205120954000,"En el 2° #aniversarioODS 
¿Cómo #EspañaODS va a contribuir a la #Agenda2030 ?
Una prioridad para @EnlazatePJ y… https://t.co/G3cBf9deuP",16,20,"aniversarioODS, EspañaODS, Agenda2030",9/28/2017,8:15:26,FALSE,1420274292,REDES-ONGD,REDES_ONGD,,670,138,24,1433,
913315093907148000,"RT @platdeinfancia: A 2 años de #Agenda2030, ¿dónde está España? Panel de alto nivel https://t.co/bYZztv1vwO #AniversarioODS @unicef_es htt…",1,0,"Agenda2030, AniversarioODS",9/28/2017,8:11:01,TRUE,1680726175,Sergio Aguado,SergAguado,Ciudadano del mundo,895,2729,58,9616,
913206206998745000,"RT @SinTrabinfantil: #AniversarioODS, ¿Sabías que alcanzar la #Meta8.7 sobre ""trabajo infantil"" impactará en el logro de otras 35 metas de…",5,0,"AniversarioODS, Meta8",9/28/2017,0:58:20,TRUE,112412519,Leida Marcela,LeonMolina,San Cristòbal Edo Táchira,1162,1519,34,12917,
913188162217955000,"RT @SinTrabinfantil: #AniversarioODS, ¿Sabías que alcanzar la #Meta8.7 sobre ""trabajo infantil"" impactará en el logro de otras 35 metas de…",5,0,"AniversarioODS, Meta8",9/27/2017,23:46:38,TRUE,1470829531,Central ASI Vzla,CentralASI,Venezuela,1662,1199,29,14343,
913096011337408000,"RT @SinTrabinfantil: #AniversarioODS, ¿Sabías que alcanzar la #Meta8.7 sobre ""trabajo infantil"" impactará en el logro de otras 35 metas de…",5,0,"AniversarioODS, Meta8",9/27/2017,17:40:28,TRUE,4308578543,Mundos Ong's,mundosongs1,"Buenos Aires, Argentina",1472,2015,51,9429,
913090193456074000,RT @EconomiaJusta: Sin el 50% de la población el desarrollo es imposible. Por la igualdad de género aquí y allí #Act4SDGs #AniversarioODS #…,5,0,"Act4SDGs, AniversarioODS",9/27/2017,17:17:21,TRUE,572119519,Edita Rodriguez,editasalce,"Gazcue, DN",1706,1569,19,47380,
913069834816163000,RT @haurralde: #AniversarioODS #Agenda2030 desde #haurralde https://t.co/Gq2o4P6TL6,1,0,"AniversarioODS, Agenda2030, haurralde",9/27/2017,15:56:27,TRUE,534301921,Asociacion Mararia,mararianr,,218,111,4,1242,
913042614181666000,RT @pobrezacero: La #desigualdadobscena es insoportable. Tomen medidas que frenen sus causas! @marianorajoy @Sorayapp @Haciendagob #Anivers…,16,0,desigualdadobscena,9/27/2017,14:08:17,TRUE,882554460240842000,Marisol,Marisol12899254,"Valencia, España",12,19,0,389,
913038565864542000,"RT @SinTrabinfantil: #AniversarioODS, ¿Sabías que alcanzar la #Meta8.7 sobre ""trabajo infantil"" impactará en el logro de otras 35 metas de…",5,0,"AniversarioODS, Meta8",9/27/2017,13:52:12,TRUE,51254244,Carla Caballeros,CarlaCaballeros,"Guatemala City,Guatemala",3839,871,52,11540,
913032130954973000,"RT @SinTrabinfantil: #AniversarioODS, ¿Sabías que alcanzar la #Meta8.7 sobre ""trabajo infantil"" impactará en el logro de otras 35 metas de…",5,0,"AniversarioODS, Meta8",9/27/2017,13:26:37,TRUE,145053383,Leonel Dubón,LeonelDubon,Guatemala,433,495,2,3559,
913028943468429000,"#AniversarioODS, ¿Sabías que alcanzar la #Meta8.7 sobre ""trabajo infantil"" impactará en el logro de otras 35 metas… https://t.co/HQGFvyH9ah",5,2,"AniversarioODS, Meta8",9/27/2017,13:13:58,FALSE,581771430,Red LACTI,SinTrabinfantil,América Latina,4438,3234,104,20698,
913025863196782000,"A 2 años de #Agenda2030, ¿dónde está España? Panel de alto nivel https://t.co/bYZztv1vwO #AniversarioODS @unicef_es https://t.co/mjsw2AfHBF",1,1,"Agenda2030, AniversarioODS",9/27/2017,13:01:43,FALSE,297972314,PlataformadeInfancia,platdeinfancia,Madrid - España,14247,4241,492,34664,
912968877654646000,"RT @platdeinfancia: A 2 años de #Agenda2030, ¿dónde está España? Panel de alto nivel https://t.co/bYZztv1vwO  #AniversarioODS @unicef_es ht…",6,0,"Agenda2030, AniversarioODS",9/27/2017,9:15:17,TRUE,2451411108,Dori Rodríguez,EduDori,,179,235,21,2424,
912964042108686000,RT @Anesvad: Por la igualdad de género aquí y allí #Act4SDGs #AniversarioODS #ODS,2,0,"Act4SDGs, AniversarioODS, ODS",9/27/2017,8:56:04,TRUE,1121805043,Retweets Solidarios,RHClub1,España,200,835,1,6976,
912960120862265000,RT @Anesvad: Por la igualdad de género aquí y allí #Act4SDGs #AniversarioODS #ODS,2,0,"Act4SDGs, AniversarioODS, ODS",9/27/2017,8:40:29,TRUE,1640860064,Sandra Hito,Syannhae,"Barcelona, Catalunya",906,720,23,69378,
912960051001864000,Por la igualdad de género aquí y allí #Act4SDGs #AniversarioODS #ODS,2,1,"Act4SDGs, AniversarioODS, ODS",9/27/2017,8:40:12,FALSE,72825965,Anesvad,Anesvad,Spain,9136,1899,372,7128,
912957991527288000,"RT @ecodes: Sin paz, estabilidad y derechos humanos, no es posible un desarrollo sostenible #AniversarioODS #ODS #MakeEuropeSustainableForA…",8,0,"AniversarioODS, ODS",9/27/2017,8:32:01,TRUE,206838936,Jeremie Fosse,jeremiefosse,Barcelona,609,584,89,3468,
912946201640804000,"RT @platdeinfancia: A 2 años de #Agenda2030, ¿dónde está España? Panel de alto nivel https://t.co/bYZztv1vwO #AniversarioODS @unicef_es htt…",2,0,"Agenda2030, AniversarioODS",9/27/2017,7:45:10,TRUE,63472376,NUEVO FUTURO,NUEVOFUTURO,,2410,1818,91,7901,
912936804847902000,"RT @AmigosTierraEsp: El planeta está al límite: aumenta conflictos pobreza y desigualdad tb. España firmó la #Agenda2030, ¡hay que cumplir!…",28,0,Agenda2030,9/27/2017,7:07:50,TRUE,613612915,Jen Awqasisa,KrisRockandroll,"Comunidad de Madrid, España",117,486,0,303,
912934375322513000,"RT @AmigosTierraEsp: El planeta está al límite: aumenta conflictos pobreza y desigualdad tb. España firmó la #Agenda2030, ¡hay que cumplir!…",28,0,Agenda2030,9/27/2017,6:58:11,TRUE,370414888,COSQUI,OscarCosqui,Catalunya,220,378,1,1949,
912930108050219000,RT @Plenainclusion: Los proyectos @Plenainclusion alineados con los ODS. Mira nuestro Informe 2016! #AniversarioODS https://t.co/pdaoRMQKc2…,4,0,AniversarioODS,9/27/2017,6:41:13,TRUE,340269524,Javier Tamarit,javiertamarit,España,3245,341,92,2358,
912801071218741000,RT @CoordiONGD: #AniversarioODS: @marianorajoy @Sorayapp -&gt;urge Estrategia Nacional d Dsarrollo Sostenible #AniversarioODS #Act4sdgs https:…,14,0,"AniversarioODS, AniversarioODS, Act4sdgs",9/26/2017,22:08:29,TRUE,2615566212,Ángeles AguayoCasado,70agua70,Madrid,82,250,10,5739,
912776966616600000,RT @CoordiONGD: ¿Para qué sirven los #ODS? Para hacer política. https://t.co/Z5iIDvlOfw @MiquelCarr  #AniversarioODS #Act4SDGS,7,0,"ODS, AniversarioODS, Act4SDGS",9/26/2017,20:32:42,TRUE,404072971,SOL_CENTROAMERICA,SOL_C_AMERICA,"Profesor, UAH, España",240,439,13,3200,
